parameter,prior_low,prior_high,best,top10_min,top10_median,top10_max
beta,0.1,0.34,0.12000000000000001,0.12000000000000001,0.12000000000000001,0.14
m_cross_layer,0.1,0.7,0.15000000000000002,0.15000000000000002,0.2,0.25
f_cross_layer,0.05,0.5,0.05,0.05,0.05,0.05
m_partners_c_par1,0.1,0.6,0.1,0.1,0.14,0.56
f_partners_c_par1,0.1,0.6,0.14,0.1,0.1,0.14
sev_dist_par1,0.5,1.5,1.3599999999999999,1.3599999999999999,1.4000000000000001,1.5
hi5_cancer_fn_transform_prob,0.0005,0.0025,0.0011,0.0009,0.0013,0.0015
hi5_cin_fn_k,0.1,0.25,0.22,0.19,0.2,0.22
hi5_dur_cin_par1,3.5,5.5,5.0,5.0,5.0,5.5
hi5_dur_cin_par2,16.0,24.0,24.0,24.0,24.0,24.0
ohr_cancer_fn_transform_prob,0.0005,0.0025,0.0013,0.0005,0.0005,0.0013
ohr_cin_fn_k,0.1,0.25,0.13,0.1,0.11,0.13
ohr_dur_cin_par1,3.5,5.5,4.0,4.0,5.0,5.0
ohr_dur_cin_par2,16.0,24.0,16.5,16.0,17.0,17.5
